no,Animals_146_h.jpg,Animals_202_h.jpg,Landscapes_001_h.jpg,Landscapes_003_v.jpg,Landscapes_013_v.jpg,Sparks_sec001_SRC_1920x1080_x265.mp4
0,C,A,D,B,B,B
1,A,C,B,D,D,C
2,D,E,A,C,A,E
3,E,D,E,A,E,D
4,B,B,C,E,C,A
5,C,D,E,A,E,B
6,E,E,B,C,C,A
7,B,A,A,E,B,E
8,D,C,C,B,D,D
9,A,B,D,D,A,C
10,B,A,B,B,A,C
11,C,C,A,E,D,D
12,E,B,C,D,B,A
13,A,E,D,C,E,B
14,D,D,E,A,C,E
15,B,D,A,D,C,C
16,E,C,E,B,D,E
17,A,E,C,E,A,D
18,C,B,D,C,E,A
19,D,A,B,A,B,B
20,E,D,A,A,C,D
21,A,C,C,B,D,B
22,C,B,E,C,B,C
23,D,A,B,D,E,A
24,B,E,D,E,A,E
25,B,D,E,D,E,D
26,D,C,D,A,B,A
27,C,A,C,B,A,E
28,E,B,B,C,D,B
29,A,E,A,E,C,C
30,D,A,D,A,C,B
31,E,D,C,E,A,C
32,C,C,B,D,E,A
33,A,E,A,B,B,D
34,B,B,E,C,D,E
35,B,B,E,B,A,D
36,D,D,B,C,E,A
37,A,E,D,E,C,B
38,C,A,A,A,B,C
39,E,C,C,D,D,E
40,D,B,C,C,C,E
41,A,E,D,E,E,C
42,E,A,B,A,A,A
43,C,C,A,B,B,D
44,B,D,E,D,D,B
45,B,E,C,A,A,C
46,A,D,A,C,D,B
47,D,A,E,E,E,A
48,E,C,D,D,C,E
49,C,B,B,B,B,D
50,D,C,D,C,E,D
51,B,D,E,A,A,B
52,C,A,A,D,B,A
53,A,B,B,B,D,C
54,E,E,C,E,C,E
55,D,C,A,D,C,A
56,C,B,B,A,E,B
57,E,D,D,C,A,C
58,B,E,C,B,D,E
59,A,A,E,E,B,D
60,D,D,A,D,E,A
61,B,E,D,A,B,D
62,A,B,B,C,A,C
63,E,C,C,B,D,E
64,C,A,E,E,C,B
65,C,A,C,E,C,B
66,E,E,A,B,D,A
67,B,C,E,A,E,E
68,D,B,D,C,A,C
69,A,D,B,D,B,D
70,A,D,A,A,C,E
71,B,E,E,B,E,D
72,E,A,C,C,A,C
73,C,B,D,D,D,B
74,D,C,B,E,B,A
75,B,D,D,A,E,A
76,D,E,B,C,A,D
77,E,A,E,B,B,C
78,C,C,C,E,D,E
79,A,B,A,D,C,B
80,D,A,C,D,E,A
81,B,D,E,B,A,B
82,A,B,A,C,D,C
83,E,C,B,E,B,E
84,C,E,D,A,C,D
85,A,A,A,C,A,A
86,D,C,C,B,E,E
87,C,E,D,E,D,B
88,B,B,B,A,C,D
89,E,D,E,D,B,C
90,B,D,B,E,D,E
91,C,A,A,A,C,D
92,A,B,C,D,E,C
93,D,C,D,B,B,B
94,E,E,E,C,A,A
95,D,A,D,C,C,E
96,C,B,B,E,E,C
97,A,D,E,A,A,A
98,E,C,A,D,D,B
99,B,E,C,B,B,D
100,B,A,C,D,B,D
101,A,D,D,A,D,B
102,D,B,E,C,E,A
103,C,E,B,B,C,C
104,E,C,A,E,A,E
105,B,D,B,D,C,B
106,A,B,A,B,B,A
107,C,A,C,C,A,E
108,E,E,E,E,E,C
109,D,C,D,A,D,D
110,C,B,D,B,C,B
111,D,D,E,D,A,C
112,A,C,C,E,D,E
113,B,E,A,C,B,A
114,E,A,B,A,E,D
115,D,D,A,C,E,C
116,A,A,B,D,D,A
117,E,E,E,B,A,E
118,B,B,D,E,B,D
119,C,C,C,A,C,B
120,E,C,A,C,E,C
121,C,D,B,D,C,E
122,D,E,C,B,B,B
123,A,B,D,E,A,A
124,B,A,E,A,D,D
125,E,E,D,C,E,C
126,C,A,A,E,C,B
127,B,C,C,D,A,D
128,A,B,B,A,D,E
129,D,D,E,B,B,A
130,C,A,A,B,D,A
131,B,E,E,A,A,C
132,A,D,C,D,B,D
133,E,B,B,E,E,E
134,D,C,D,C,C,B
135,D,C,B,E,C,B
136,B,A,D,B,A,E
137,C,E,C,C,E,A
138,A,D,A,D,B,D
139,E,B,E,A,D,C
140,E,D,D,E,A,B
141,C,E,E,D,E,E
142,D,C,B,C,B,C
143,A,B,A,A,D,A
144,B,A,C,B,C,D
145,E,C,C,E,E,C
146,D,A,D,A,B,A
147,C,D,B,D,D,E
148,A,B,A,B,C,D
149,B,E,E,C,A,B
150,A,B,A,E,A,D
151,B,C,C,A,C,B
152,C,A,D,C,B,E
153,D,D,E,B,D,A
154,E,E,B,D,E,C
155,C,D,E,D,B,C
156,B,E,A,A,D,E
157,D,A,C,E,C,D
158,A,C,B,C,E,B
159,E,B,D,B,A,A
160,D,C,C,D,C,A
161,B,B,B,C,A,C
162,C,E,A,B,D,D
163,E,A,D,A,E,E
164,A,D,E,E,B,B
165,E,A,A,B,E,D
166,A,E,B,D,D,C
167,C,C,E,A,A,A
168,B,D,C,E,B,E
169,D,B,D,C,C,B
170,C,D,D,C,A,A
171,A,E,B,E,D,C
172,D,B,C,A,C,D
173,B,C,A,B,B,B
174,E,A,E,D,E,E
175,B,C,E,D,B,C
176,E,A,A,E,A,D
177,D,E,C,A,E,B
178,C,B,D,C,C,E
179,A,D,B,B,D,A
180,B,E,B,A,B,C
181,E,A,D,B,A,D
182,D,C,A,E,D,B
183,C,D,C,C,C,E
184,A,B,E,D,E,A
185,D,A,B,E,B,C
186,A,E,E,D,D,D
187,E,C,D,A,C,B
188,B,B,C,B,A,E
189,C,D,A,C,E,A
190,B,A,A,B,B,E
191,A,D,E,D,E,B
192,D,B,C,E,A,D
193,E,C,B,A,D,A
194,C,E,D,C,C,C
195,A,A,D,D,D,D
196,E,B,C,E,B,B
197,B,E,A,C,A,A
198,C,D,E,B,E,C
199,D,C,B,A,C,E
200,E,D,A,E,D,C
201,C,A,E,D,B,A
202,A,C,C,C,C,E
203,D,B,B,B,E,D
204,B,E,D,A,A,B
205,E,A,A,B,C,D
206,D,C,D,E,D,C
207,B,E,B,C,A,A
208,C,B,E,D,B,E
209,A,D,C,A,E,B
210,B,D,C,E,C,D
211,E,E,D,B,D,C
212,C,A,B,A,A,B
213,A,B,E,C,B,E
214,D,C,A,D,E,A
215,C,B,E,A,C,C
216,A,E,D,E,E,A
217,B,A,B,C,D,D
218,E,C,A,B,A,B
219,D,D,C,D,B,E
220,E,B,A,E,D,A
221,B,E,E,B,A,E
222,D,D,D,D,B,B
223,A,A,B,A,E,D
224,C,C,C,C,C,C
225,C,E,C,E,C,E
226,A,D,D,B,D,D
227,B,B,E,A,A,B
228,E,A,A,D,B,C
229,D,C,B,C,E,A
230,A,D,A,C,C,C
231,E,C,E,A,B,B
232,C,E,B,D,D,A
233,D,A,D,E,E,E
234,B,B,C,B,A,D
235,B,B,E,C,B,C
236,D,E,D,D,A,E
237,A,D,B,E,C,D
238,C,C,C,A,D,A
239,E,A,A,B,E,B
240,E,B,B,E,E,E
241,D,D,D,D,A,B
242,C,A,A,A,C,C
243,A,E,E,C,B,A
244,B,C,C,B,D,D
245,A,A,A,D,E,A
246,B,D,C,C,A,E
247,C,B,E,A,D,B
248,E,E,D,B,B,C
249,D,C,B,E,C,D
250,E,E,B,C,E,E
251,B,B,C,B,A,A
252,C,C,E,E,B,C
253,A,A,D,A,C,B
254,D,D,A,D,D,D
255,D,D,B,D,A,B
256,C,C,A,E,D,A
257,E,B,C,C,C,E
258,A,A,D,B,E,C
259,B,E,E,A,B,D
260,B,D,E,C,E,C
261,A,B,D,D,D,E
262,C,E,C,E,C,D
263,D,C,B,B,B,A
264,E,A,A,A,A,B
265,B,A,D,E,D,C
266,C,D,A,B,E,E
267,A,E,C,D,A,D
268,D,C,B,A,C,A
269,E,B,E,C,B,B
270,B,A,C,A,A,B
271,D,C,E,C,D,C
272,C,D,A,B,E,A
273,E,B,B,D,C,E
274,A,E,D,E,B,D
275,A,B,D,B,D,E
276,E,A,C,A,C,D
277,D,C,E,E,A,C
278,B,E,B,C,B,A
279,C,D,A,D,E,B
280,C,B,E,D,D,B
281,A,C,D,E,A,E
282,E,D,C,C,E,D
283,D,E,A,B,C,C
284,B,A,B,A,B,A
285,C,C,B,C,D,A
286,A,B,E,D,C,E
287,B,E,C,A,A,D
288,E,A,A,E,B,B
289,D,D,D,B,E,C
290,D,A,C,A,A,D
291,B,D,E,E,C,E
292,E,B,D,C,D,C
293,A,E,A,D,B,B
294,C,C,B,B,E,A
295,C,D,D,B,E,D
296,E,E,E,A,D,B
297,B,B,A,E,B,A
298,A,C,B,C,C,C
299,D,A,C,D,A,E
300,B,C,B,B,E,D
301,A,B,D,C,C,A
302,D,D,E,E,B,E
303,C,A,A,A,D,B
304,E,E,C,D,A,C
305,E,A,B,C,B,A
306,D,D,D,D,A,E
307,C,B,C,E,C,D
308,B,E,A,A,D,B
309,A,C,E,B,E,C
310,E,E,D,D,A,C
311,B,B,B,E,C,E
312,A,D,E,B,B,D
313,C,A,C,A,E,B
314,D,C,A,C,D,A
315,D,A,E,D,A,A
316,A,B,B,C,E,B
317,C,E,C,B,C,C
318,B,D,D,A,D,D
319,E,C,A,E,B,E
320,C,D,B,E,D,D
321,E,E,A,A,A,C
322,B,B,D,B,C,A
323,A,A,C,D,B,B
324,D,C,E,C,E,E
325,B,E,A,E,D,D
326,D,D,E,B,E,A
327,A,A,D,D,A,E
328,C,C,B,A,C,C
329,E,B,C,C,B,B
330,C,D,A,A,B,B
331,E,A,E,E,E,D
332,D,B,D,B,D,A
333,B,E,C,C,C,C
334,A,C,B,D,A,E
335,B,B,A,B,E,B
336,C,E,E,A,B,E
337,E,C,B,C,A,D
338,A,A,D,D,C,A
339,D,D,C,E,D,C
340,A,E,B,E,C,D
341,C,D,D,C,D,C
342,B,B,E,D,B,E
343,E,C,A,A,A,A
344,D,A,C,B,E,B
345,C,D,D,B,E,D
346,A,C,B,D,B,A
347,B,A,E,E,D,B
348,D,B,A,C,C,C
349,E,E,C,A,A,E
350,D,B,A,A,B,D
351,A,A,B,B,A,E
352,E,D,E,E,E,B
353,C,E,D,C,D,A
354,B,C,C,D,C,C
355,E,E,D,D,D,A
356,A,D,A,A,A,C
357,C,B,C,E,B,B
358,B,C,E,C,E,D
359,D,A,B,B,C,E
360,B,A,E,D,D,B
361,D,E,C,B,C,E
362,A,C,B,C,B,A
363,C,D,D,A,A,D
364,E,B,A,E,E,C
365,E,D,B,D,E,A
366,A,E,C,B,A,D
367,C,B,E,A,C,C
368,D,C,D,E,D,B
369,B,A,A,C,B,E
370,E,A,A,E,B,B
371,A,E,D,C,C,A
372,B,B,E,B,A,C
373,D,C,C,D,E,E
374,C,D,B,A,D,D
375,E,B,C,E,D,A
376,A,A,D,C,A,D
377,D,D,B,B,C,E
378,B,C,A,D,B,B
379,C,E,E,A,E,C
380,E,E,E,C,B,D
381,A,C,D,B,E,B
382,C,B,C,A,C,E
383,B,A,A,E,A,A
384,D,D,B,D,D,C
385,E,E,D,E,E,B
386,C,C,A,B,C,D
387,B,B,B,A,A,A
388,A,A,C,C,B,C
389,D,D,E,D,D,E
390,B,E,E,B,B,E
391,D,C,A,E,A,C
392,A,A,D,A,C,A
393,E,D,B,C,D,B
394,C,B,C,D,E,D
395,A,B,B,B,A,B
396,E,E,C,E,C,A
397,D,D,D,C,D,E
398,B,A,A,D,E,C
399,C,C,E,A,B,D
400,E,C,C,A,E,B
401,B,D,E,D,D,D
402,C,E,D,E,C,C
403,A,B,B,B,A,E
404,D,A,A,C,B,A
405,D,C,B,A,C,D
406,A,A,E,C,E,A
407,B,B,C,E,A,E
408,E,D,D,B,D,B
409,C,E,A,D,B,C
410,D,D,C,E,D,C
411,E,E,D,D,A,D
412,C,B,E,B,B,E
413,A,C,B,C,E,B
414,B,A,A,A,C,A
415,A,D,C,A,A,A
416,E,A,D,D,E,D
417,D,B,E,C,B,B
418,C,C,A,B,D,E
419,B,E,B,E,C,C
420,C,E,B,E,A,C
421,A,B,D,B,B,B
422,E,A,A,C,C,E
423,D,D,C,D,D,D
424,B,C,E,A,E,A
425,C,D,E,B,D,C
426,D,A,D,C,B,A
427,E,C,A,A,E,E
428,B,E,B,E,A,B
429,A,B,C,D,C,D
430,A,B,B,A,A,C
431,D,A,D,E,D,A
432,C,C,E,B,C,D
433,E,D,C,C,B,E
434,B,E,A,D,E,B
435,C,A,B,D,A,D
436,D,B,D,B,C,C
437,A,D,C,A,B,A
438,E,E,E,C,E,E
439,B,C,A,E,D,B
440,C,A,C,D,A,B
441,B,E,E,E,E,D
442,E,C,D,A,C,A
443,A,D,A,C,D,C
444,D,B,B,B,B,E
445,E,E,A,E,D,A
446,B,D,D,A,A,C
447,C,A,E,D,E,D
448,D,B,C,B,B,E
449,A,C,B,C,C,B
450,E,C,D,B,D,A
451,D,D,B,D,C,C
452,B,E,A,E,A,D
453,A,B,C,A,E,B
454,C,A,E,C,B,E
455,E,C,D,B,A,E
456,C,B,E,C,D,C
457,D,E,C,A,C,B
458,A,A,B,E,B,D
459,B,D,A,D,E,A
460,E,B,B,C,A,B
461,A,C,A,A,B,E
462,D,D,E,D,C,C
463,C,E,C,B,D,D
464,B,A,D,E,E,A
465,B,B,C,C,B,A
466,A,A,A,A,A,C
467,D,E,B,B,E,D
468,E,C,E,D,D,E
469,C,D,D,E,C,B
470,C,C,D,E,B,A
471,E,D,A,D,D,E
472,A,E,E,C,C,B
473,B,A,B,B,A,C
474,D,B,C,A,E,D
475,E,D,C,B,C,C
476,A,E,B,D,B,A
477,B,A,A,E,A,E
478,C,C,D,A,E,B
479,D,B,E,C,D,D
480,C,A,D,C,A,D
481,B,D,E,E,D,A
482,E,E,B,A,B,B
483,D,B,C,D,E,E
484,A,C,A,B,C,C
485,C,E,E,E,B,A
486,A,C,A,D,A,C
487,B,A,C,A,C,B
488,E,D,B,C,E,D
489,D,B,D,B,D,E
490,A,C,C,C,A,E
491,C,D,B,D,B,B
492,E,B,E,B,E,A
493,B,E,A,A,D,C
494,D,A,D,E,C,D
495,D,D,A,D,C,B
496,A,C,D,C,E,C
497,C,B,B,B,A,D
498,B,E,C,A,D,E
499,E,A,E,E,B,A
500,A,D,A,E,B,A
501,D,A,B,D,D,D
502,C,C,D,C,C,B
503,E,B,E,B,E,E
504,B,E,C,A,A,C
505,C,A,D,A,B,A
506,B,B,A,E,E,C
507,A,D,B,D,C,B
508,D,C,E,C,D,D
509,E,E,C,B,A,E
510,B,C,D,D,B,B
511,C,E,C,A,C,E
512,E,D,E,E,A,D
513,D,A,B,B,E,C
514,A,B,A,C,D,A
515,A,A,A,D,E,D
516,E,C,D,B,C,E
517,B,D,C,C,A,A
518,D,E,B,A,D,B
519,C,B,E,E,B,C
520,C,D,C,B,E,D
521,D,C,E,D,B,E
522,A,B,D,E,A,C
523,B,E,A,C,D,B
524,E,A,B,A,C,A
525,D,A,C,C,A,B
526,A,B,B,E,B,D
527,C,E,D,D,E,E
528,B,C,A,B,C,C
529,E,D,E,A,D,A
530,A,C,D,A,E,A
531,C,E,E,D,B,C
532,E,D,C,C,C,B
533,B,A,B,E,D,E
534,D,B,A,B,A,D
535,A,D,D,B,C,D
536,C,E,E,E,D,A
537,E,A,A,A,B,C
538,D,B,C,D,E,B
539,B,C,B,C,A,E
540,E,B,E,D,C,D
541,D,A,B,A,D,E
542,B,E,C,C,B,A
543,A,D,A,B,A,B
544,C,C,D,E,E,C
545,E,A,D,C,A,C
546,B,C,B,D,D,A
547,C,D,C,B,C,B
548,D,B,A,A,B,E
549,A,E,E,E,E,D
550,D,D,E,A,D,E
551,B,B,A,D,C,D
552,A,A,B,E,B,C
553,E,E,D,B,A,A
554,C,C,C,C,E,B
555,D,E,A,A,A,D
556,E,C,E,D,B,A
557,C,B,C,E,C,E
558,B,D,B,C,D,C
559,A,A,D,B,E,B
560,C,C,C,D,E,A
561,E,D,E,B,B,D
562,D,E,B,E,D,B
563,A,A,D,A,A,E
564,B,B,A,C,C,C
565,C,A,D,D,A,A
566,D,B,A,C,D,B
567,A,D,B,B,E,D
568,B,C,E,A,B,E
569,E,E,C,E,C,C
570,B,A,A,C,C,B
571,C,D,E,E,D,E
572,E,E,B,D,B,A
573,A,B,D,B,A,C
574,D,C,C,A,E,D
575,C,E,E,C,D,E
576,B,C,C,E,E,C
577,A,D,A,B,A,D
578,E,A,B,A,C,A
579,D,B,D,D,B,B
580,A,A,D,D,B,C
581,C,E,C,A,E,B
582,D,C,E,C,D,E
583,B,D,A,E,A,A
584,E,B,B,B,C,D
585,A,E,A,E,D,B
586,D,B,B,B,A,D
587,E,A,C,D,E,A
588,B,D,E,A,B,C
589,C,C,D,C,C,E
590,C,B,E,E,E,B
591,E,E,C,B,C,E
592,B,C,A,C,A,C
593,D,A,B,D,D,D
594,A,D,D,A,B,A
595,A,A,A,C,B,C
596,B,D,B,E,C,D
597,E,E,C,A,E,E
598,D,B,E,D,A,B
599,C,C,D,B,D,A
600,C,C,E,A,C,D
601,D,B,D,C,E,B
602,E,E,A,B,A,E
603,B,A,B,D,B,A
604,A,D,C,E,D,C
605,C,D,E,C,E,B
606,A,A,A,E,B,A
607,E,C,D,A,C,C
608,B,E,C,D,A,E
609,D,B,B,B,D,D
610,B,D,C,D,E,C
611,D,E,E,B,A,A
612,A,B,D,C,C,B
613,C,C,A,E,D,D
614,E,A,B,A,B,E
615,E,E,B,A,B,B
616,A,D,A,D,D,E
617,C,B,E,E,C,D
618,D,C,C,B,A,A
619,B,A,D,C,E,C
620,C,D,C,A,E,E
621,A,A,A,C,B,B
622,E,B,B,E,A,A
623,B,E,D,B,D,C
624,D,C,E,D,C,D
625,C,B,A,B,B,D
626,A,D,E,E,A,E
627,D,A,D,A,E,A
628,B,E,C,C,D,B
629,E,C,B,D,C,C
630,E,A,A,B,D,E
631,C,B,C,E,B,B
632,A,D,B,A,C,A
633,B,C,E,C,E,D
634,D,E,D,D,A,C
635,C,B,B,D,B,C
636,D,A,D,C,C,D
637,B,D,E,A,A,E
638,E,E,A,B,E,B
639,A,C,C,E,D,A
640,B,E,A,A,B,D
641,D,B,D,D,D,B
642,E,A,E,B,A,C
643,A,C,C,E,E,E
644,C,D,B,C,C,A
645,D,D,A,E,D,B
646,E,C,D,B,B,C
647,B,A,C,A,C,E
648,C,B,B,C,A,A
649,A,E,E,D,E,D
650,A,D,B,A,C,D
651,D,E,C,D,B,C
652,E,C,A,C,D,B
653,B,B,D,B,A,E
654,C,A,E,E,E,A
655,A,E,D,A,C,B
656,B,C,C,D,B,E
657,E,B,A,E,A,A
658,D,D,B,B,D,C
659,C,A,E,C,E,D
660,A,E,D,D,E,B
661,B,D,A,A,D,C
662,D,C,B,E,B,E
663,E,B,E,B,C,A
664,C,A,C,C,A,D
665,D,A,D,A,E,B
666,C,C,B,B,A,C
667,A,D,C,D,B,A
668,E,E,E,E,C,E
669,B,B,A,C,D,D
670,B,B,C,B,B,B
671,C,C,E,C,D,C
672,E,E,B,D,E,D
673,A,A,A,A,C,A
674,D,D,D,E,A,E
675,D,D,B,B,C,A
676,A,A,E,E,E,C
677,E,C,C,A,A,B
678,B,B,D,D,D,D
679,C,E,A,C,B,E
680,E,E,C,C,A,A
681,C,D,D,A,D,E
682,B,A,B,D,B,D
683,D,C,A,E,E,B
684,A,B,E,B,C,C
685,A,E,D,E,A,D
686,D,B,A,D,B,C
687,E,A,C,C,E,E
688,C,D,E,A,D,B
689,B,C,B,B,C,A
690,A,E,B,C,E,E
691,C,A,A,A,C,A
692,E,B,C,D,B,C
693,D,C,E,E,D,B
694,B,D,D,B,A,D
695,D,E,B,C,A,C
696,E,D,E,D,C,B
697,B,C,C,E,E,D
698,C,A,A,B,D,E
699,A,B,D,A,B,A
700,A,C,D,A,B,B
701,C,D,A,E,E,A
702,B,B,E,C,C,E
703,D,E,C,B,A,C
704,E,A,B,D,D,D
705,A,B,E,C,A,B
706,E,E,D,A,E,C
707,C,D,B,E,B,E
708,D,C,A,B,C,D
709,B,A,C,D,D,A
710,B,B,C,E,C,D
711,A,D,B,A,D,B
712,E,C,E,C,A,A
713,D,E,D,B,B,E
714,C,A,A,D,E,C
715,D,D,D,E,A,B
716,C,E,B,D,B,A
717,A,B,A,B,C,C
718,B,A,C,C,E,D
719,E,C,E,A,D,E
720,D,D,D,E,D,E
721,C,B,E,D,E,D
722,A,E,A,A,A,A
723,E,C,C,C,C,B
724,B,A,B,B,B,C
725,E,C,D,B,E,A
726,A,E,C,D,C,B
727,B,A,A,E,B,E
728,D,D,E,C,D,D
729,C,B,B,A,A,C
730,E,B,B,B,C,E
731,B,D,D,C,B,C
732,D,E,A,D,E,B
733,C,C,E,A,D,A
734,A,A,C,E,A,D
735,B,C,A,E,D,E
736,A,A,E,C,A,C
737,E,E,D,A,B,D
738,D,B,C,B,C,A
739,C,D,B,D,E,B
740,C,C,A,A,E,D
741,E,D,C,B,A,B
742,D,E,D,E,B,E
743,B,B,E,C,C,C
744,A,A,B,D,D,A
745,C,B,C,B,A,A
746,A,E,E,A,C,B
747,D,C,D,D,E,C
748,B,A,A,C,D,D
749,E,D,B,E,B,E
750,C,C,E,A,E,D
751,E,D,B,B,D,B
752,D,E,D,E,A,E
753,B,A,A,C,B,A
754,A,B,C,D,C,C
755,E,B,A,D,D,E
756,C,D,D,A,E,B
757,B,E,C,C,A,D
758,D,C,B,B,C,A
759,A,A,E,E,B,C
760,A,E,D,E,D,A
761,D,C,C,B,C,D
762,B,A,A,D,E,E
763,C,D,B,C,A,B
764,E,B,E,A,B,C
765,C,B,C,C,D,E
766,E,C,B,D,B,B
767,D,D,D,A,E,C
768,A,E,E,B,A,A
769,B,A,A,E,C,D
770,B,C,E,B,C,E
771,E,D,A,E,E,B
772,D,A,D,C,A,A
773,A,E,B,A,D,C
774,C,B,C,D,B,D
775,C,D,A,A,A,A
776,B,A,E,D,D,D
777,A,C,D,E,E,C
778,D,B,B,C,C,E
779,E,E,C,B,B,B
780,E,E,C,B,C,E
781,B,C,D,E,E,C
782,C,B,E,A,B,B
783,D,D,B,C,A,D
784,A,A,A,D,D,A
785,C,B,B,A,B,A
786,D,E,A,C,A,D
787,B,A,E,D,C,B
788,A,C,D,B,E,E
789,E,D,C,E,D,C
790,B,E,A,B,D,D
791,D,A,D,E,E,C
792,E,D,B,C,A,E
793,A,C,C,D,B,A
794,C,B,E,A,C,B
795,C,D,C,D,B,C
796,A,A,A,C,C,E
797,B,E,E,E,A,D
798,D,B,D,B,E,A
799,E,C,B,A,D,B
800,D,C,E,E,B,A
801,C,A,D,C,D,D
802,A,D,B,A,A,B
803,B,B,C,D,E,E
804,E,E,A,B,C,C
805,B,E,E,E,E,C
806,C,D,C,A,C,E
807,D,C,D,C,B,D
808,E,B,B,D,A,B
809,A,A,A,B,D,A
810,A,E,E,E,A,A
811,E,A,C,B,D,B
812,C,B,A,D,C,C
813,D,D,B,C,B,E
814,B,C,D,A,E,D
815,B,C,A,E,A,C
816,A,A,E,B,C,A
817,E,E,D,D,E,E
818,C,B,C,C,D,B
819,D,D,B,A,B,D
820,E,C,D,A,A,A
821,B,A,B,D,D,E
822,A,B,E,C,E,C
823,C,E,A,E,C,B
824,D,D,C,B,B,D
825,D,A,C,E,D,A
826,A,C,D,A,B,C
827,B,D,E,B,E,D
828,E,E,A,D,A,E
829,C,B,B,C,C,B
830,B,B,E,C,C,C
831,E,E,B,A,A,E
832,D,C,C,B,D,D
833,C,D,A,E,E,B
834,A,A,D,D,B,A
835,B,D,A,A,E,B
836,D,A,E,E,B,E
837,A,B,B,D,C,A
838,C,C,C,B,D,D
839,E,E,D,C,A,C
840,B,E,B,E,B,D
841,C,B,A,C,E,E
842,E,C,E,B,D,C
843,D,A,D,A,C,A
844,A,D,C,D,A,B
845,D,C,E,C,E,E
846,B,A,B,B,C,A
847,E,E,D,A,B,B
848,A,B,C,E,A,D
849,C,D,A,D,D,C
850,A,C,B,E,C,D
851,C,A,C,D,A,C
852,D,B,E,B,B,A
853,E,D,A,A,D,E
854,B,E,D,C,E,B
855,D,B,C,B,C,E
856,A,E,B,E,D,A
857,E,A,D,D,B,D
858,B,C,A,C,A,C
859,C,D,E,A,E,B
860,C,C,A,D,D,D
861,A,E,E,A,B,A
862,B,A,B,E,E,B
863,E,D,C,C,A,E
864,D,B,D,B,C,C
865,A,C,E,D,C,C
866,B,E,C,B,A,E
867,C,B,A,E,D,B
868,D,A,D,C,E,A
869,E,D,B,A,B,D
870,A,E,B,A,E,B
871,D,B,A,B,B,E
872,B,A,D,C,A,C
873,C,C,C,D,C,A
874,E,D,E,E,D,D
875,E,B,B,A,D,B
876,D,E,C,D,E,E
877,B,C,E,E,B,A
878,C,A,D,C,C,D
879,A,D,A,B,A,C
880,D,A,E,B,D,E
881,A,C,B,A,C,B
882,C,E,C,C,B,A
883,B,D,A,E,E,C
884,E,B,D,D,A,D
885,E,E,D,B,B,A
886,D,A,E,A,D,C
887,A,C,C,D,A,E
888,B,B,A,E,E,D
889,C,D,B,C,C,B
890,E,E,E,A,D,E
891,B,D,D,B,C,A
892,C,A,B,C,A,D
893,A,B,C,D,E,B
894,D,C,A,E,B,C
895,A,D,B,A,A,A
896,D,C,C,C,D,E
897,E,B,A,B,B,C
898,B,A,E,E,C,D
899,C,E,D,D,E,B
900,B,E,D,D,D,E
901,E,A,B,B,B,D
902,A,C,C,E,C,A
903,D,B,A,A,A,C
904,C,D,E,C,E,B
905,A,C,C,D,D,B
906,D,D,D,A,A,C
907,C,B,A,E,B,E
908,E,E,B,B,E,D
909,B,A,E,C,C,A
910,B,B,C,A,C,C
911,D,C,A,D,E,B
912,C,E,D,E,B,E
913,A,D,B,B,A,D
914,E,A,E,C,D,A
915,E,A,C,B,E,A
916,B,E,A,C,C,C
917,D,B,B,E,A,B
918,A,C,D,A,B,E
919,C,D,E,D,D,D
920,D,E,A,E,B,C
921,C,D,C,A,A,A
922,A,A,B,D,D,E
923,B,B,D,B,C,B
924,E,C,E,C,E,D
925,D,E,A,D,B,B
926,C,B,C,A,E,E
927,B,C,D,B,C,A
928,E,A,E,E,A,D
929,A,D,B,C,D,C
930,B,C,B,B,B,D
931,C,A,E,E,E,E
932,A,B,C,C,A,A
933,D,D,A,A,C,C
934,E,E,D,D,D,B
935,C,D,B,C,E,A
936,B,A,E,A,B,C
937,A,E,C,B,C,D
938,D,C,D,D,D,E
939,E,B,A,E,A,B
940,C,E,D,E,D,D
941,B,A,E,C,A,A
942,E,C,C,A,C,B
943,A,B,A,D,E,E
944,D,D,B,B,B,C
945,D,A,A,B,B,E
946,E,D,C,D,C,B
947,C,C,B,E,A,A
948,A,E,E,C,E,D
949,B,B,D,A,D,C
950,E,B,B,E,D,D
951,A,E,D,C,B,C
952,D,C,E,B,C,A
953,C,A,A,A,E,B
954,B,D,C,D,A,E
955,D,E,C,B,D,E
956,C,B,A,E,E,C
957,A,D,B,D,B,B
958,B,A,D,A,C,A
959,E,C,E,C,A,D
960,A,E,A,D,A,D
961,C,B,D,B,D,C
962,B,D,E,E,E,B
963,E,A,B,A,C,A
964,D,C,C,C,B,E
965,E,B,C,D,C,D
966,D,A,B,E,E,E
967,B,E,A,A,D,A
968,A,C,E,B,A,B
969,C,D,D,C,B,C
970,A,C,C,D,E,C
971,E,D,A,B,D,B
972,D,E,E,A,B,A
973,C,B,B,C,C,D
974,B,A,D,E,A,E
975,B,B,A,C,E,B
976,E,C,D,E,B,E
977,A,A,B,D,C,A
978,D,D,E,B,A,D
979,C,E,C,A,D,C
980,A,A,E,A,C,E
981,C,C,D,E,A,A
982,D,D,B,C,B,B
983,E,B,A,D,E,C
984,B,E,C,B,D,D
985,D,B,C,C,B,D
986,E,D,E,D,D,B
987,B,C,A,B,C,A
988,A,E,D,A,E,E
989,C,A,B,E,A,C
990,E,A,E,E,C,D
991,C,C,C,A,E,B
992,D,E,B,B,A,C
993,A,B,D,C,B,E
994,B,D,A,D,D,A
995,C,B,B,E,D,C
996,A,A,E,C,A,D
997,D,E,A,D,E,E
998,B,C,D,A,C,A
999,E,D,C,B,B,B
1000,E,A,E,E,D,C
1001,B,E,D,D,E,A
1002,D,B,A,B,C,B
1003,C,C,C,C,A,E
1004,A,D,B,A,B,D
1005,E,E,C,C,A,E
1006,B,B,B,E,D,D
1007,A,A,A,B,C,C
1008,C,C,D,D,B,B
1009,D,D,E,A,E,A
1010,D,A,C,B,D,A
1011,B,D,A,D,B,C
1012,C,B,B,E,A,B
1013,A,E,D,A,E,D
1014,E,C,E,C,C,E
1015,A,B,E,C,B,B
1016,E,E,D,A,A,E
1017,C,D,A,D,D,C
1018,D,A,C,B,C,A
1019,B,C,B,E,E,D
1020,C,C,E,E,A,B
1021,E,B,C,A,B,D
1022,D,D,A,C,C,C
1023,A,E,D,D,D,E
1024,B,A,B,B,E,A
1025,B,D,D,B,B,D
1026,A,B,C,A,E,E
1027,E,E,B,C,A,A
1028,C,A,E,D,C,B
1029,D,C,A,E,D,C
1030,C,A,B,E,A,B
1031,D,C,E,B,D,E
1032,B,D,A,A,E,A
1033,A,B,D,D,B,C
1034,E,E,C,C,C,D
1035,D,D,C,D,B,B
1036,B,C,D,A,C,D
1037,C,A,B,E,A,E
1038,E,B,A,B,D,A
1039,A,E,E,C,E,C
1040,D,E,B,E,D,B
1041,B,A,C,A,C,E
1042,C,B,D,C,E,A
1043,A,C,E,B,A,D
1044,E,D,A,D,B,C
1045,E,E,C,D,B,B
1046,D,C,B,B,E,E
1047,C,D,D,C,C,D
1048,A,B,A,E,D,A
1049,B,A,E,A,A,C
1050,B,D,E,C,B,C
1051,E,B,C,B,A,E
1052,D,E,D,A,D,B
1053,C,A,B,E,C,A
1054,A,C,A,D,E,D
1055,A,D,D,D,A,A
1056,E,A,A,B,B,B
1057,D,E,E,E,D,C
1058,B,C,B,C,C,E
1059,C,B,C,A,E,D
1060,A,C,C,B,D,A
1061,B,D,A,A,B,D
1062,E,B,B,C,A,B
1063,D,A,E,D,E,E
1064,C,E,D,E,C,C
1065,B,E,A,B,E,D
1066,E,A,B,D,D,C
1067,A,D,E,E,C,A
1068,C,C,C,A,A,B
1069,D,B,D,C,B,E
1070,C,C,B,A,A,B
1071,D,E,A,C,D,A
1072,B,A,D,D,C,D
1073,E,B,C,B,E,C
1074,A,D,E,E,B,E
1075,D,B,E,C,C,B
1076,C,C,A,D,E,D
1077,A,A,C,E,B,A
1078,E,E,D,B,D,C
1079,B,D,B,A,A,E
1080,A,B,B,C,C,B
1081,D,E,A,E,E,C
1082,B,A,C,D,A,A
1083,E,C,D,B,B,D
1084,C,D,E,A,D,E
1085,C,A,A,B,B,E
1086,A,B,C,D,A,C
1087,B,E,B,E,E,D
1088,E,D,D,A,D,A
1089,D,C,E,C,C,B
1090,C,B,A,E,B,A
1091,B,C,E,C,D,D
1092,A,A,B,A,E,C
1093,D,E,D,B,C,E
1094,E,D,C,D,A,B
1095,C,B,D,B,A,C
1096,D,C,A,E,B,B
1097,A,E,E,C,C,D
1098,E,A,C,A,E,E
1099,B,D,B,D,D,A
1100,D,E,A,B,A,E
1101,C,D,C,A,B,B
1102,B,B,B,C,E,A
1103,A,A,D,E,C,C
1104,E,C,E,D,D,D
1105,B,C,C,D,A,A
1106,A,A,D,B,C,D
1107,C,B,A,A,D,B
1108,E,D,E,C,E,E
1109,D,E,B,E,B,C
1110,E,C,D,D,A,B
1111,C,D,A,E,B,E
1112,A,A,B,C,C,D
1113,D,B,E,A,E,C
1114,B,E,C,B,D,A
1115,B,A,A,B,D,D
1116,C,C,E,E,B,B
1117,A,E,B,D,E,E
1118,D,D,C,C,A,A
1119,E,B,D,A,C,C
1120,E,E,E,E,E,D
1121,A,C,A,B,D,B
1122,C,D,D,A,B,E
1123,B,A,C,C,A,A
1124,D,B,B,D,C,C
1125,B,B,C,E,C,E
1126,E,A,A,A,D,D
1127,A,C,D,D,E,A
1128,D,E,B,C,A,B
1129,C,D,E,B,B,C
1130,B,D,D,B,A,E
1131,D,B,C,D,C,C
1132,C,A,A,A,E,B
1133,A,E,E,C,D,A
1134,E,C,B,E,B,D
1135,B,B,C,D,E,B
1136,D,D,B,B,C,E
1137,E,E,A,E,B,A
1138,C,C,D,A,A,D
1139,A,A,E,C,D,C
1140,E,B,D,B,A,A
1141,C,C,E,E,D,B
1142,B,E,A,A,B,E
1143,A,A,B,D,C,C
1144,D,D,C,C,E,D
1145,D,C,B,C,D,B
1146,E,A,D,D,A,C
1147,A,D,A,A,E,E
1148,C,E,E,B,B,A
1149,B,B,C,E,C,D
1150,C,C,E,A,A,B
1151,D,E,D,C,E,D
1152,B,A,C,B,D,C
1153,E,B,A,D,B,A
1154,A,D,B,E,C,E
1155,C,D,E,E,B,A
1156,E,E,A,D,D,C
1157,A,A,B,B,E,E
1158,D,B,C,A,C,D
1159,B,C,D,C,A,B
1160,C,B,C,B,A,E
1161,D,D,E,D,E,A
1162,B,A,B,C,C,D
1163,A,E,A,A,D,C
1164,E,C,D,E,B,B
1165,A,B,C,E,B,D
1166,B,E,B,B,C,B
1167,C,A,D,C,A,C
1168,D,C,A,A,E,E
1169,E,D,E,D,D,A
1170,A,B,A,C,A,B
1171,B,A,D,E,B,D
1172,D,D,B,B,D,C
1173,C,E,C,A,E,A
1174,E,C,E,D,C,E
1175,C,D,A,A,C,B
1176,D,C,E,D,A,E
1177,B,E,C,E,D,A
1178,A,A,D,B,E,C
1179,E,B,B,C,B,D
1180,C,A,D,E,C,A
1181,A,C,C,D,D,C
1182,E,D,E,A,B,D
1183,B,B,B,C,E,B
1184,D,E,A,B,A,E
1185,A,C,B,B,E,C
1186,E,E,C,E,C,A
1187,C,B,D,D,A,E
1188,D,A,A,A,B,B
1189,B,D,E,C,D,D
1190,E,E,D,B,C,B
1191,B,B,B,E,E,C
1192,C,C,A,A,A,A
1193,A,D,C,D,B,D
1194,D,A,E,C,D,E
1195,B,B,B,D,D,E
1196,E,D,D,A,A,D
1197,C,E,E,C,E,A
1198,D,C,C,B,B,C
1199,A,A,A,E,C,B
1200,C,B,B,E,D,B
1201,D,E,A,D,E,D
1202,A,A,E,C,C,A
1203,B,C,D,A,B,C
1204,E,D,C,B,A,E
1205,C,B,E,E,A,D
1206,D,C,C,B,B,A
1207,B,A,A,D,C,E
1208,E,D,B,A,E,B
1209,A,E,D,C,D,C
1210,E,D,B,E,B,B
1211,A,E,C,B,E,D
1212,C,A,E,D,D,E
1213,B,C,D,A,A,A
1214,D,B,A,C,C,C
1215,C,C,E,C,A,E
1216,A,E,A,E,E,C
1217,B,D,D,B,C,A
1218,E,B,C,D,B,B
1219,D,A,B,A,D,D
1220,D,A,A,C,A,B
1221,A,C,E,E,B,C
1222,B,B,D,A,E,D
1223,E,E,C,B,C,A
1224,C,D,B,D,D,E
1225,B,B,D,E,E,A
1226,D,C,A,D,D,B
1227,E,A,B,B,A,D
1228,C,E,E,A,B,C
1229,A,D,C,C,C,E
1230,E,D,A,A,B,C
1231,D,C,E,B,A,E
1232,B,E,B,D,D,B
1233,A,A,C,C,E,A
1234,C,B,D,E,C,D
1235,B,A,C,E,C,E
1236,E,B,D,A,B,D
1237,A,C,B,D,E,C
1238,D,E,A,B,A,B
1239,C,D,E,C,D,A
1240,E,C,E,D,E,C
1241,B,D,C,C,B,D
1242,D,B,A,A,C,B
1243,A,E,B,E,A,E
1244,C,A,D,B,D,A
1245,D,B,D,E,D,D
1246,A,D,C,B,E,B
1247,B,A,E,A,C,C
1248,E,C,A,D,A,E
1249,C,E,B,C,B,A
1250,C,A,C,B,B,A
1251,E,C,D,D,A,E
1252,D,D,B,E,D,B
1253,B,B,E,C,E,D
1254,A,E,A,A,C,C
1255,E,E,B,B,E,A
1256,C,B,C,E,C,C
1257,A,C,A,D,A,E
1258,B,D,D,A,B,B
1259,D,A,E,C,D,D
1260,D,B,B,B,A,D
1261,C,E,E,D,E,B
1262,A,D,C,C,B,A
1263,E,C,D,A,C,E
1264,B,A,A,E,D,C
1265,E,D,C,D,C,A
1266,A,C,A,E,A,B
1267,B,E,B,B,D,C
1268,C,A,E,C,E,D
1269,D,B,D,A,B,E
1270,E,A,E,B,C,C
1271,A,C,D,C,A,D
1272,D,B,B,D,E,B
1273,B,D,A,E,D,E
1274,C,E,C,A,B,A
1275,D,A,D,E,E,B
1276,E,B,A,C,D,C
1277,C,E,E,B,B,D
1278,B,D,B,A,C,E
1279,A,C,C,D,A,A
1280,B,E,A,A,A,A
1281,C,B,B,E,C,E
1282,E,C,E,D,B,D
1283,D,A,D,C,E,C
1284,A,D,C,B,D,B
1285,B,A,C,E,A,D
1286,C,B,E,D,C,A
1287,E,D,B,C,B,E
1288,A,C,A,A,D,C
1289,D,E,D,B,E,B
1290,E,D,C,C,A,B
1291,A,E,D,B,D,C
1292,D,A,E,A,B,A
1293,C,B,A,E,E,D
1294,B,C,B,D,C,E
1295,C,A,D,A,C,E
1296,D,E,B,D,B,C
1297,E,D,C,C,E,B
1298,A,B,A,E,D,D
1299,B,C,E,B,A,A
1300,A,C,C,B,C,A
1301,B,A,A,E,E,B
1302,D,D,B,A,D,D
1303,C,E,E,D,B,C
1304,E,B,D,C,A,E
1305,D,E,C,B,B,C
1306,C,C,A,E,C,B
1307,A,B,B,C,D,D
1308,B,A,D,A,E,A
1309,E,D,E,D,A,E
1310,E,D,B,D,E,B
1311,D,B,C,A,D,A
1312,B,E,D,B,A,D
1313,A,C,E,E,C,C
1314,C,A,A,C,B,E
1315,E,C,C,D,E,A
1316,C,A,D,C,B,C
1317,A,D,A,A,D,E
1318,D,E,E,B,C,B
1319,B,B,B,E,A,D
1320,B,B,B,D,C,B
1321,D,E,D,B,E,E
1322,A,D,E,E,A,A
1323,E,A,A,C,B,C
1324,C,C,C,A,D,D
1325,D,A,B,B,C,B
1326,C,E,C,D,B,D
1327,B,C,A,A,D,E
1328,A,D,E,E,E,C
1329,E,B,D,C,A,A
1330,D,A,E,B,B,C
1331,C,B,B,C,D,A
1332,A,E,D,D,A,D
1333,E,C,C,E,C,B
1334,B,D,A,A,E,E
1335,B,E,D,C,E,D
1336,E,B,E,B,A,C
1337,A,D,A,A,C,A
1338,C,C,C,D,B,E
1339,D,A,B,E,D,B
1340,D,D,C,E,B,D
1341,E,C,B,D,E,E
1342,B,B,E,B,A,A
1343,A,A,D,A,D,B
1344,C,E,A,C,C,C
1345,E,D,A,B,D,E
1346,D,B,E,E,B,C
1347,B,C,C,C,C,B
1348,C,A,B,D,A,D
1349,A,E,D,A,E,A
1350,D,B,D,A,D,D
1351,C,A,C,C,C,E
1352,A,E,A,B,B,B
1353,B,D,E,E,A,C
1354,E,C,B,D,E,A
1355,A,B,B,E,E,A
1356,B,D,C,B,A,E
1357,C,E,E,C,B,B
1358,D,A,D,D,C,D
1359,E,C,A,A,D,C
1360,E,E,A,A,D,C
1361,C,B,B,B,A,D
1362,D,C,D,E,C,E
1363,A,D,C,C,E,B
1364,B,A,E,D,B,A
1365,E,D,B,C,E,C
1366,A,A,C,B,C,B
1367,C,E,D,E,D,D
1368,D,C,E,A,A,E
1369,B,B,A,D,B,A
1370,B,A,C,D,A,B
1371,C,D,D,B,E,C
1372,A,B,B,E,C,D
1373,D,E,A,C,D,E
1374,E,C,E,A,B,A
1375,D,E,C,E,C,D
1376,C,A,A,D,E,B
1377,A,D,E,A,B,E
1378,B,C,B,B,D,C
1379,E,B,D,C,A,A
1380,C,E,C,D,E,E
1381,E,A,E,A,C,D
1382,A,B,A,C,B,B
1383,B,D,B,B,A,C
1384,D,C,D,E,D,A
1385,D,C,B,A,D,B
1386,B,A,C,B,B,A
1387,E,E,E,D,A,D
1388,A,D,A,E,C,E
1389,C,B,D,C,E,C
1390,E,B,E,D,C,B
1391,B,C,A,C,E,A
1392,C,E,D,A,D,C
1393,D,A,C,B,B,D
1394,A,D,B,E,A,E
1395,D,C,A,B,A,A
1396,C,A,B,E,C,D
1397,B,E,C,C,B,B
1398,A,D,E,D,E,E
1399,E,B,D,A,D,C
1400,B,B,A,D,A,D
1401,D,E,C,B,D,B
1402,C,A,E,A,E,C
1403,A,C,D,E,B,E
1404,E,D,B,C,C,A
1405,C,C,C,B,D,D
1406,B,B,D,C,C,C
1407,A,E,E,A,B,E
1408,E,D,B,E,E,B
1409,D,A,A,D,A,A
1410,B,E,A,C,C,D
1411,A,C,B,B,D,E
1412,D,A,C,E,B,C
1413,C,B,D,A,E,B
1414,E,D,E,D,A,A
1415,A,D,A,A,A,D
1416,B,E,B,E,D,E
1417,E,A,D,B,B,C
1418,D,C,C,C,E,B
1419,C,B,E,D,C,A
1420,A,A,E,C,D,E
1421,B,D,A,E,A,C
1422,D,C,C,B,E,A
1423,C,E,D,A,C,D
1424,E,B,B,D,B,B
1425,C,C,C,D,C,B
1426,E,B,A,A,A,E
1427,D,A,B,B,B,D
1428,B,D,D,C,D,C
1429,A,E,E,E,E,A
1430,E,B,D,C,E,E
1431,B,D,C,B,C,C
1432,A,A,B,E,A,D
1433,D,C,A,D,B,B
1434,C,E,E,A,D,A
1435,E,E,D,A,D,D
1436,D,D,B,D,E,C
1437,A,C,A,E,C,B
1438,B,B,E,B,A,E
1439,C,A,C,C,B,A
1440,A,E,B,B,A,A
1441,B,C,D,A,E,B
1442,C,B,E,E,C,D
1443,D,A,C,C,D,C
1444,E,D,A,D,B,E
1445,E,E,C,C,B,E
1446,B,C,D,D,C,D
1447,C,B,B,A,E,A
1448,D,A,A,E,D,C
1449,A,D,E,B,A,B
1450,A,A,C,D,C,D
1451,C,C,A,A,B,E
1452,D,D,E,C,D,C
1453,E,E,B,E,A,B
1454,B,B,D,B,E,A
1455,D,D,C,B,E,A
1456,C,C,B,D,A,E
1457,A,B,E,C,C,B
1458,E,A,A,E,B,D
1459,B,E,D,A,D,C
1460,B,A,A,D,C,D
1461,C,E,C,E,E,E
1462,E,B,B,C,B,B
1463,D,C,E,B,A,C
1464,A,D,D,A,D,A
1465,C,A,E,D,D,A
1466,A,C,A,C,E,E
1467,E,B,D,A,A,D
1468,B,E,B,E,B,B
1469,D,D,C,B,C,C
1470,C,C,A,B,A,B
1471,E,E,C,E,C,D
1472,D,A,D,A,B,E
1473,B,B,B,C,E,C
1474,A,D,E,D,D,A
1475,E,D,C,C,D,D
1476,C,C,B,E,E,C
1477,D,A,D,D,A,B
1478,A,E,A,A,C,E
1479,B,B,E,B,B,A
1480,D,E,C,E,E,D
1481,C,A,D,B,D,A
1482,A,D,A,A,C,C
1483,B,B,E,C,B,E
1484,E,C,B,D,A,B
1485,B,D,E,E,A,E
1486,C,C,A,D,B,B
1487,A,A,B,C,D,D
1488,E,E,D,B,C,A
1489,D,B,C,A,E,C
1490,B,E,A,E,E,A
1491,C,C,E,B,B,D
1492,A,B,D,A,C,C
1493,E,A,C,C,A,E
1494,D,D,B,D,D,B
1495,B,C,B,D,B,D
1496,A,A,A,E,C,B
1497,C,E,C,B,A,E
1498,D,B,D,A,D,A
1499,E,D,E,C,E,C
1500,B,B,B,E,C,C
1501,C,A,C,C,E,B
1502,A,E,E,A,A,E
1503,D,C,D,D,D,D
1504,E,D,A,B,B,A
1505,A,E,C,D,E,A
1506,E,C,A,C,A,C
1507,D,B,E,A,D,B
1508,B,D,D,E,C,E
1509,C,A,B,B,B,D
1510,E,E,C,E,D,B
1511,A,B,B,B,A,E
1512,B,D,D,A,C,A
1513,C,A,E,D,E,D
1514,D,C,A,C,B,C
1515,A,E,A,C,B,A
1516,E,A,C,B,D,D
1517,C,B,D,D,E,C
1518,B,D,E,E,A,B
1519,D,C,B,A,C,E
1520,E,D,C,C,B,E
1521,A,E,B,E,D,C
1522,C,B,E,A,C,B
1523,D,A,A,B,A,A
1524,B,C,D,D,E,D
1525,D,E,D,A,D,A
1526,B,A,A,C,E,E
1527,A,C,B,E,C,C
1528,C,D,E,B,A,D
1529,E,B,C,D,B,B
1530,A,C,A,E,B,C
1531,D,A,D,B,E,A
1532,B,D,B,A,D,B
1533,E,B,C,D,C,E
1534,C,E,E,C,A,D
1535,A,B,D,A,E,B
1536,D,D,C,E,D,D
1537,E,E,E,B,A,E
1538,B,C,B,C,B,C
1539,C,A,A,D,C,A
1540,C,D,C,D,D,A
1541,E,A,D,E,C,B
1542,D,E,A,A,A,E
1543,A,C,B,C,E,C
1544,B,B,E,B,B,D
1545,B,E,E,B,A,B
1546,A,C,A,D,E,D
1547,D,D,B,A,B,A
1548,C,B,D,C,D,E
1549,E,A,C,E,C,C
1550,B,B,E,A,A,A
1551,C,C,B,C,C,C
1552,D,A,A,B,D,E
1553,A,E,C,E,E,B
1554,E,D,D,D,B,D
1555,B,C,A,E,A,E
1556,C,D,D,C,B,C
1557,D,E,C,A,D,D
1558,E,A,E,B,C,B
1559,A,B,B,D,E,A
1560,A,A,C,E,B,A
1561,B,E,B,D,D,B
1562,C,D,E,C,C,E
1563,E,B,D,A,E,D
1564,D,C,A,B,A,C
1565,C,C,D,A,C,D
1566,A,D,A,E,E,C
1567,B,A,B,B,D,E
1568,E,E,C,D,B,B
1569,D,B,E,C,A,A
1570,B,E,B,C,B,A
1571,C,D,E,D,C,C
1572,A,B,C,E,A,D
1573,D,C,A,A,D,B
1574,E,A,D,B,E,E
1575,D,C,A,B,E,D
1576,A,A,C,C,A,B
1577,E,D,B,D,C,C
1578,B,E,E,A,B,E
1579,C,B,D,E,D,A
1580,C,B,E,E,A,C
1581,E,D,D,B,E,A
1582,B,C,C,A,D,E
1583,A,A,A,D,C,B
1584,D,E,B,C,B,D
1585,C,A,D,B,B,D
1586,D,E,B,D,C,B
1587,B,C,C,A,E,A
1588,A,B,A,E,D,C
1589,E,D,E,C,A,E
1590,C,C,B,D,D,B
1591,B,A,E,C,E,A
1592,E,B,D,A,C,C
1593,A,D,C,B,A,D
1594,D,E,A,E,B,E
1595,A,C,D,D,E,E
1596,B,E,C,B,A,A
1597,D,B,A,C,B,C
1598,E,A,E,A,D,B
1599,C,D,B,E,C,D
1600,E,C,E,A,A,C
1601,D,B,D,D,E,B
1602,C,A,A,B,D,E
1603,B,D,B,C,C,D
1604,A,E,C,E,B,A
1605,C,E,A,B,A,B
1606,D,A,C,E,C,E
1607,E,D,E,A,B,D
1608,B,C,B,C,E,A
1609,A,B,D,D,D,C
1610,E,C,A,B,A,E
1611,C,D,D,D,D,A
1612,D,E,C,A,B,D
1613,A,B,E,C,C,C
1614,B,A,B,E,E,B
1615,E,B,D,E,B,C
1616,D,C,B,B,C,A
1617,C,D,A,A,D,B
1618,A,A,E,D,A,D
1619,B,E,C,C,E,E
1620,A,B,B,D,C,C
1621,C,C,E,B,B,B
1622,B,D,D,C,E,D
1623,E,A,A,A,A,A
1624,D,E,C,E,D,E
1625,A,D,A,E,B,B
1626,C,A,B,A,E,E
1627,D,E,D,D,D,A
1628,E,B,E,C,C,C
1629,B,C,C,B,A,D
1630,B,D,D,C,D,A
1631,D,E,A,B,A,D
1632,A,C,E,A,B,B
1633,E,B,B,D,E,C
1634,C,A,C,E,C,E
1635,C,D,E,B,B,E
1636,D,C,C,E,D,A
1637,A,A,A,D,E,B
1638,B,E,D,A,A,D
1639,E,B,B,C,C,C
1640,C,C,E,D,A,B
1641,B,B,D,B,C,D
1642,E,E,C,E,B,E
1643,D,D,B,C,D,C
1644,A,A,A,A,E,A
1645,E,A,E,D,B,B
1646,A,D,A,B,A,A
1647,D,B,D,A,C,D
1648,B,C,B,E,E,C
1649,C,E,C,C,D,E
1650,B,E,E,B,B,E
1651,C,B,C,A,A,C
1652,A,D,A,D,C,D
1653,D,A,D,C,D,B
1654,E,C,B,E,E,A
1655,D,D,D,B,E,D
1656,E,C,E,A,C,E
1657,B,E,B,E,A,A
1658,A,A,C,C,D,B
1659,C,B,A,D,B,C
1660,A,E,E,C,B,A
1661,D,C,D,A,C,D
1662,E,A,B,E,A,E
1663,C,B,C,B,D,C
1664,B,D,A,D,E,B
1665,A,C,E,C,B,A
1666,D,A,B,D,C,C
1667,C,E,D,B,A,B
1668,E,D,C,E,D,D
1669,B,B,A,A,E,E
1670,A,B,A,E,E,E
1671,C,A,D,D,D,C
1672,E,C,C,B,C,D
1673,B,D,B,A,A,A
1674,D,E,E,C,B,B
1675,E,E,B,C,C,A
1676,D,C,E,D,B,D
1677,B,A,D,B,E,E
1678,C,D,C,E,D,B
1679,A,B,A,A,A,C
1680,A,E,D,E,D,E
1681,B,D,E,C,E,A
1682,E,B,C,A,A,B
1683,D,A,B,B,C,D
1684,C,C,A,D,B,C
1685,A,E,A,D,C,B
1686,D,B,D,A,E,E
1687,E,C,E,B,A,A
1688,C,D,B,C,B,D
1689,B,A,C,E,D,C
1690,D,E,E,B,C,C
1691,A,D,C,C,E,E
1692,C,B,D,E,D,D
1693,E,A,B,A,B,B
1694,B,C,A,D,A,A
1695,A,D,C,D,C,D
1696,C,C,E,A,B,C
1697,E,A,A,E,E,A
1698,D,B,B,B,A,E
1699,B,E,D,C,D,B
1700,E,E,D,B,D,D
1701,A,B,A,A,E,B
1702,B,A,B,D,C,E
1703,D,C,E,E,A,A
1704,C,D,C,C,B,C
1705,E,C,C,B,A,A
1706,B,A,E,D,D,C
1707,A,D,B,E,C,E
1708,D,E,D,C,E,D
1709,C,B,A,A,B,B
1710,D,B,D,E,A,C
1711,A,C,E,B,D,E
1712,B,D,C,C,B,B
1713,C,E,A,D,E,D
1714,E,A,B,A,C,A
1715,C,B,E,E,C,D
1716,B,E,A,D,B,A
1717,D,D,C,B,E,E
1718,E,A,B,C,A,B
1719,A,C,D,A,D,C
1720,C,E,C,C,D,D
1721,D,B,E,D,E,A
1722,E,D,A,A,C,B
1723,B,A,D,E,A,C
1724,A,C,B,B,B,E
1725,D,A,B,A,B,C
1726,B,C,D,E,E,E
1727,A,D,C,C,A,B
1728,C,E,A,B,D,A
1729,E,B,E,D,C,D
1730,B,D,C,A,D,A
1731,A,A,E,B,E,D
1732,D,B,A,D,A,C
1733,C,C,D,E,C,B
1734,E,E,B,C,B,E
1735,A,E,A,E,E,E
1736,C,A,C,C,C,A
1737,B,C,B,D,D,D
1738,D,B,E,B,B,C
1739,E,D,D,A,A,B
1740,E,E,C,B,A,B
1741,D,C,B,E,B,D
1742,B,D,D,D,D,C
1743,A,A,A,C,C,E
1744,C,B,E,A,E,A
1745,A,B,E,A,B,C
1746,B,A,B,C,A,B
1747,C,C,A,D,D,A
1748,D,D,D,E,E,D
1749,E,E,C,B,C,E
1750,B,B,B,C,D,E
1751,C,D,C,A,A,A
1752,D,C,A,B,B,C
1753,A,A,E,D,E,B
1754,E,E,D,E,C,D
1755,A,E,D,D,D,D
1756,B,A,E,A,E,E
1757,E,C,A,C,B,C
1758,C,B,C,B,A,A
1759,D,D,B,E,C,B
1760,E,E,A,B,A,E
1761,B,C,E,D,E,D
1762,A,D,D,C,D,B
1763,C,A,B,E,C,C
1764,D,B,C,A,B,A
1765,D,D,D,D,B,C
1766,B,B,E,B,C,D
1767,E,E,B,E,D,B
1768,C,A,A,C,A,A
1769,A,C,C,A,E,E
1770,D,B,D,C,E,E
1771,C,E,B,E,C,A
1772,B,A,E,B,B,C
1773,E,D,C,A,A,D
1774,A,C,A,D,D,B
1775,B,D,A,B,D,C
1776,D,A,E,E,E,E
1777,E,E,C,C,C,A
1778,A,C,B,A,A,D
1779,C,B,D,D,B,B
1780,D,D,E,B,A,E
1781,B,B,C,D,D,C
1782,E,E,B,E,C,A
1783,A,A,D,C,E,B
1784,C,C,A,A,B,D
1785,B,B,C,B,C,D
1786,D,E,D,E,B,C
1787,C,D,A,D,A,A
1788,A,A,B,A,E,B
1789,E,C,E,C,D,E
1790,B,B,D,E,E,D
1791,A,D,B,A,A,E
1792,C,A,A,B,B,C
1793,E,E,C,D,D,B
1794,D,C,E,C,C,A
1795,E,D,D,A,B,C
1796,D,E,B,E,C,B
1797,A,B,E,D,D,E
1798,B,A,C,C,E,A
1799,C,C,A,B,A,D
1800,B,E,B,D,C,D
1801,C,D,E,A,A,B
1802,D,A,A,E,B,A
1803,E,C,D,B,D,E
1804,A,B,C,C,E,C
1805,E,A,B,E,A,B
1806,A,C,A,C,C,C
1807,B,B,D,A,D,A
1808,D,E,C,D,E,E
1809,C,D,E,B,B,D
1810,C,A,B,E,E,D
1811,A,E,E,D,B,E
1812,B,B,D,B,A,C
1813,D,C,C,C,D,B
1814,E,D,A,A,C,A
1815,A,C,D,B,B,D
1816,D,A,B,E,E,E
1817,C,D,E,D,D,A
1818,E,B,A,C,A,B
1819,B,E,C,A,C,C
1820,E,A,E,A,C,E
1821,D,B,A,D,A,A
1822,B,C,C,C,B,B
1823,C,E,B,B,D,D
1824,A,D,D,E,E,C
1825,D,C,A,D,C,E
1826,A,A,C,E,B,D
1827,C,E,B,B,E,A
1828,E,B,E,A,D,C
1829,B,D,D,C,A,B
1830,D,D,C,E,D,E
1831,E,A,A,A,B,B
1832,B,C,D,B,E,D
1833,A,B,B,D,A,A
1834,C,E,E,C,C,C
1835,D,E,D,D,B,E
1836,C,A,A,B,C,D
1837,A,B,E,A,E,B
1838,B,C,C,E,D,A
1839,E,D,B,C,A,C
1840,D,C,A,D,D,E
1841,C,B,C,E,E,B
1842,E,D,E,C,B,A
1843,B,E,B,B,C,C
1844,A,A,D,A,A,D
1845,A,D,C,B,D,D
1846,C,A,E,D,B,B
1847,D,B,B,E,A,C
1848,E,E,D,C,E,E
1849,B,C,A,A,C,A
1850,D,B,B,E,D,A
1851,C,A,E,C,B,E
1852,E,E,D,D,C,B
1853,B,D,C,B,A,D
1854,A,C,A,A,E,C
1855,C,C,C,C,D,A
1856,B,D,B,D,C,B
1857,A,A,D,B,B,D
1858,D,B,E,A,A,C
1859,E,E,A,E,E,E
1860,B,B,B,D,E,C
1861,E,D,D,C,B,B
1862,C,E,A,E,C,A
1863,A,A,C,B,A,E
1864,D,C,E,A,D,D
1865,C,A,A,C,A,E
1866,D,D,E,E,E,B
1867,B,E,C,D,D,C
1868,E,C,D,A,B,D
1869,A,B,B,B,C,A
1870,C,D,A,B,C,A
1871,E,E,D,E,D,B
1872,A,B,B,C,E,C
1873,D,A,E,D,A,E
1874,B,C,C,A,B,D
1875,C,D,B,B,E,C
1876,E,C,D,E,C,A
1877,D,E,E,D,A,E
1878,A,A,C,A,D,D
1879,B,B,A,C,B,B
1880,B,B,B,B,B,A
1881,A,E,D,E,A,D
1882,E,A,C,A,E,E
1883,C,C,A,D,D,B
1884,D,D,E,C,C,C
1885,E,B,C,E,C,A
1886,D,C,B,C,B,B
1887,B,D,A,D,D,E
1888,A,E,D,A,A,C
1889,C,A,E,B,E,D
1890,E,E,A,D,E,B
1891,D,B,E,E,A,D
1892,A,A,C,A,B,A
1893,B,C,D,C,D,E
1894,C,D,B,B,C,C
1895,D,E,C,D,B,A
1896,E,A,A,C,D,B
1897,B,B,D,E,C,D
1898,C,C,E,A,A,E
1899,A,D,B,B,E,C
1900,E,B,B,A,C,A
1901,D,A,E,B,B,D
1902,C,E,D,C,E,C
1903,A,C,C,D,D,E
1904,B,D,A,E,A,B
1905,E,C,E,D,A,B
1906,B,E,C,C,C,D
1907,C,A,D,E,D,A
1908,D,D,A,B,E,E
1909,A,B,B,A,B,C
1910,A,E,A,B,A,E
1911,E,C,C,D,E,C
1912,B,B,E,A,D,B
1913,C,A,D,E,C,D
1914,D,D,B,C,B,A
1915,E,A,C,D,E,E
1916,D,E,D,B,D,D
1917,C,D,A,C,A,B
1918,A,C,B,A,B,C
1919,B,B,E,E,C,A
1920,D,E,C,B,E,D
1921,A,C,D,C,C,B
1922,B,A,A,A,A,A
1923,E,D,B,E,B,C
1924,C,B,E,D,D,E
1925,D,A,A,E,C,D
1926,A,C,B,B,E,C
1927,E,E,D,A,A,E
1928,C,D,E,C,B,B
1929,B,B,C,D,D,A
1930,D,B,D,E,E,D
1931,B,C,B,D,D,A
1932,E,D,E,B,B,B
1933,C,E,C,C,A,E
1934,A,A,A,A,C,C
1935,E,A,B,C,A,B
1936,B,E,C,B,C,C
1937,C,B,A,A,D,D
1938,A,D,E,D,B,A
1939,D,C,D,E,E,E
1940,B,C,C,B,B,E
1941,E,A,B,D,E,B
1942,D,B,D,C,D,C
1943,A,D,A,A,A,A
1944,C,E,E,E,C,D
1945,A,C,D,D,E,A
1946,E,B,A,A,A,D
1947,D,E,C,E,D,E
1948,B,A,B,C,B,C
1949,C,D,E,B,C,B
1950,B,D,B,C,A,B
1951,E,B,E,E,B,D
1952,A,A,C,A,D,C
1953,C,C,A,B,C,A
1954,D,E,D,D,E,E
1955,D,B,D,A,B,C
1956,B,A,A,E,A,A
1957,E,D,E,C,C,D
1958,C,C,C,D,E,B
1959,A,E,B,B,D,E
1960,B,A,C,B,B,C
1961,C,D,A,C,D,B
1962,A,E,B,A,E,E
1963,D,B,E,E,A,D
1964,E,C,D,D,C,A
1965,A,A,D,C,E,A
1966,E,D,A,A,C,D
1967,D,C,B,B,D,B
1968,B,B,C,D,A,E
1969,C,E,E,E,B,C
1970,E,B,A,E,D,B
1971,C,A,C,B,C,D
1972,A,E,B,A,A,E
1973,D,D,D,C,E,A
1974,B,C,E,D,B,C
1975,B,A,E,E,D,B
1976,A,E,D,D,C,D
1977,D,C,C,C,E,C
1978,C,B,A,A,B,A
1979,E,D,B,B,A,E
1980,C,C,D,D,D,E
1981,A,A,E,C,B,A
1982,E,D,A,B,C,C
1983,D,E,B,A,E,D
1984,B,B,C,E,A,B
1985,B,E,A,E,D,D
1986,E,D,D,D,A,E
1987,C,A,B,C,B,B
1988,D,C,C,A,E,C
1989,A,B,E,B,C,A
1990,E,A,D,C,A,B
1991,A,D,E,A,B,C
1992,C,C,B,D,C,E
1993,B,E,C,E,E,A
1994,D,B,A,B,D,D
1995,B,B,A,A,A,C
1996,C,C,C,E,D,E
1997,D,E,B,C,C,B
1998,E,D,D,D,E,D
1999,A,A,E,B,B,A
